{
    "keep": {
        "days": true,
        "amount": 30
    },
    "auditLog": "cdp-logs\\.f4680749c15276e5060df0d70f7f2316c83cc71d-audit.json",
    "files": [
        {
            "date": 1661589337572,
            "name": "cdp-logs\\cdp-2022-08-27-14-08.log",
            "hash": "31195849d4998f70f417d1f394eeea14"
        },
        {
            "date": 1662371175854,
            "name": "cdp-logs\\cdp-2022-09-05-15-09.log",
            "hash": "ddf8bdeeee6ab3a085aaaf84518b2be0"
        },
        {
            "date": 1662384945040,
            "name": "cdp-logs\\cdp-2022-09-05-19-09.log",
            "hash": "978762210b0b90c36dfa976066eddf03"
        },
        {
            "date": 1662388276207,
            "name": "cdp-logs\\cdp-2022-09-05-20-09.log",
            "hash": "8e0aa5716750a2da3186d8d29b201d19"
        },
        {
            "date": 1662396537258,
            "name": "cdp-logs\\cdp-2022-09-05-22-09.log",
            "hash": "c0216311b79ae247280c6a8047f23f85"
        },
        {
            "date": 1662458694816,
            "name": "cdp-logs\\cdp-2022-09-06-15-09.log",
            "hash": "20af1c40e34d330eb071b47ab1c23a7f"
        },
        {
            "date": 1662470574270,
            "name": "cdp-logs\\cdp-2022-09-06-18-09.log",
            "hash": "6a289ce8e3d0a6206bc2f2d34abcd035"
        }
    ]
}