{
  "collection": "@nestjs/schematics",
  "sourceRoot": "apps/onboard/src",
  "compilerOptions": {
    "assets": [
      "**/*.proto",
      "templates/**/*"
    ],
    "watchAssets": true,
    "webpack": true,
    "tsConfigPath": "apps/onboard/tsconfig.app.json"
  },
  "monorepo": true,
  "root": "apps/onboard",
  "projects": {
    
    "coc-client-gateway": {
      "type": "application",
      "root": "apps/coc-client-gateway",
      "entryFile": "main",
      "sourceRoot": "apps/coc-client-gateway/src",
      "compilerOptions": {
        "tsConfigPath": "apps/coc-client-gateway/tsconfig.app.json"
      }
    },
    
    "dashboard": {
      "type": "application",
      "root": "apps/dashboard",
      "entryFile": "main",
      "sourceRoot": "apps/dashboard/src",
      "compilerOptions": {
        "tsConfigPath": "apps/dashboard/tsconfig.app.json"
      }
    },
    "onboard": {
      "type": "application",
      "root": "apps/onboard",
      "entryFile": "main",
      "sourceRoot": "apps/onboard/src",
      "compilerOptions": {
        "tsConfigPath": "apps/onboard/tsconfig.app.json"
      }
    }
    
  }
}